page_url,asset_id,src,alt,width,height
https://www.roadsafe.co.za/contact-us/,815,https://www.roadsafe.co.za/wp-content/uploads/2024/07/images-MYR6TU4-1.png,"",1080,1080
https://www.roadsafe.co.za/get-a-quote/,815,https://www.roadsafe.co.za/wp-content/uploads/2024/07/images-MYR6TU4-1.png,"",1080,1080
https://www.roadsafe.co.za/,806,https://www.roadsafe.co.za/wp-content/uploads/2024/07/images-EEF5T6B-150x150.jpg,"",150,150
https://www.roadsafe.co.za/,808,https://www.roadsafe.co.za/wp-content/uploads/2024/07/image-GQFUTAX-150x150.jpg,"",150,150
https://www.roadsafe.co.za/,813,https://www.roadsafe.co.za/wp-content/uploads/2024/07/images-P99LY7A-150x150.jpg,"",150,150
https://www.roadsafe.co.za/,814,https://www.roadsafe.co.za/wp-content/uploads/2024/07/image-EVMW3C7-150x150.jpg,"",150,150
https://www.roadsafe.co.za/,882,https://www.roadsafe.co.za/wp-content/uploads/2024/07/Untitled-design4-1024x1024.png,"",800,800
https://www.roadsafe.co.za/,832,https://www.roadsafe.co.za/wp-content/uploads/2024/07/031-construction-vehicle-1.png,"",200,200
https://www.roadsafe.co.za/,834,https://www.roadsafe.co.za/wp-content/uploads/2024/07/047-construction-vehicle-1.png,"",215,215
https://www.roadsafe.co.za/,836,https://www.roadsafe.co.za/wp-content/uploads/2024/07/wrenchrepairgaragespanner-1.png,"",246,246
https://www.roadsafe.co.za/,838,https://www.roadsafe.co.za/wp-content/uploads/2024/07/floor-planblueprintarchitecturereal-estateplanning-1.png,"",246,246
https://www.roadsafe.co.za/,844,https://www.roadsafe.co.za/wp-content/uploads/2024/07/Group-67-4.png,"",130,130
https://www.roadsafe.co.za/,847,https://www.roadsafe.co.za/wp-content/uploads/2024/07/Group-68-1.png,"",130,130
https://www.roadsafe.co.za/,849,https://www.roadsafe.co.za/wp-content/uploads/2024/07/Group-69-1.png,"",130,130
https://www.roadsafe.co.za/,815,https://www.roadsafe.co.za/wp-content/uploads/2024/07/images-MYR6TU4-1.png,"",1080,1080
